-- MySQL dump 10.13  Distrib 5.6.46, for Linux (x86_64)
--
-- Host: localhost    Database: conversion
-- ------------------------------------------------------
-- Server version	5.6.46

/*!40101 SET @OLD_CHARACTER_SET_CLIENT=@@CHARACTER_SET_CLIENT */;
/*!40101 SET @OLD_CHARACTER_SET_RESULTS=@@CHARACTER_SET_RESULTS */;
/*!40101 SET @OLD_COLLATION_CONNECTION=@@COLLATION_CONNECTION */;
/*!40101 SET NAMES utf8 */;
/*!40103 SET @OLD_TIME_ZONE=@@TIME_ZONE */;
/*!40103 SET TIME_ZONE='+00:00' */;
/*!40014 SET @OLD_UNIQUE_CHECKS=@@UNIQUE_CHECKS, UNIQUE_CHECKS=0 */;
/*!40014 SET @OLD_FOREIGN_KEY_CHECKS=@@FOREIGN_KEY_CHECKS, FOREIGN_KEY_CHECKS=0 */;
/*!40101 SET @OLD_SQL_MODE=@@SQL_MODE, SQL_MODE='NO_AUTO_VALUE_ON_ZERO' */;
/*!40111 SET @OLD_SQL_NOTES=@@SQL_NOTES, SQL_NOTES=0 */;

--
-- Current Database: `conversion`
--

CREATE DATABASE /*!32312 IF NOT EXISTS*/ `conversion` /*!40100 DEFAULT CHARACTER SET utf8 */;

USE `conversion`;

--
-- Table structure for table `activities_sent`
--

DROP TABLE IF EXISTS `activities_sent`;
/*!40101 SET @saved_cs_client     = @@character_set_client */;
/*!40101 SET character_set_client = utf8 */;
CREATE TABLE `activities_sent` (
  `activity_id` int(11) DEFAULT NULL,
  `action_group` varchar(100) DEFAULT NULL,
  `user_id` int(11) DEFAULT NULL,
  `timestamp` datetime DEFAULT NULL
) ENGINE=InnoDB DEFAULT CHARSET=utf8;
/*!40101 SET character_set_client = @saved_cs_client */;

--
-- Dumping data for table `activities_sent`
--

LOCK TABLES `activities_sent` WRITE;
/*!40000 ALTER TABLE `activities_sent` DISABLE KEYS */;
INSERT INTO `activities_sent` VALUES (156,'Action Group A',240,'2020-03-06 16:00:00'),(156,'Action Group A',797,'2020-03-06 16:00:00'),(156,'Action Group A',1561,'2020-03-06 16:00:00'),(156,'Action Group A',1757,'2020-03-06 16:00:00'),(156,'Action Group A',2971,'2020-03-06 16:00:00'),(156,'Action Group A',6374,'2020-03-06 16:00:00'),(156,'Action Group A',6650,'2020-03-06 16:00:00'),(156,'Action Group A',6868,'2020-03-06 16:00:00'),(156,'Action Group A',7458,'2020-03-06 16:00:00'),(156,'Action Group A',7845,'2020-03-06 16:00:00'),(156,'Action Group A',9326,'2020-03-06 16:00:00'),(156,'Action Group A',10625,'2020-03-06 16:00:00'),(156,'Action Group A',10807,'2020-03-06 16:00:00'),(156,'Action Group A',10812,'2020-03-06 16:00:00'),(156,'Action Group A',11207,'2020-03-06 16:00:00'),(156,'Action Group A',12048,'2020-03-06 16:00:00'),(156,'Action Group A',13095,'2020-03-06 16:00:00'),(156,'Action Group A',13236,'2020-03-06 16:00:00'),(156,'Action Group A',13460,'2020-03-06 16:00:00'),(156,'Action Group A',14999,'2020-03-06 16:00:00'),(156,'Action Group A',16918,'2020-03-06 16:00:00'),(156,'Action Group A',17103,'2020-03-06 16:00:00'),(156,'Action Group A',18441,'2020-03-06 16:00:00'),(156,'Action Group A',19602,'2020-03-06 16:00:00'),(156,'Action Group A',20218,'2020-03-06 16:00:00'),(156,'Action Group A',20579,'2020-03-06 16:00:00'),(156,'Action Group A',21333,'2020-03-06 16:00:00'),(156,'Action Group A',22426,'2020-03-06 16:00:00'),(156,'Action Group A',22579,'2020-03-06 16:00:00'),(156,'Action Group A',24628,'2020-03-06 16:00:00'),(156,'Action Group A',24674,'2020-03-06 16:00:00'),(156,'Action Group A',26871,'2020-03-06 16:00:00'),(156,'Action Group A',27394,'2020-03-06 16:00:00'),(156,'Action Group A',28991,'2020-03-06 16:00:00'),(156,'Action Group A',29185,'2020-03-06 16:00:00'),(156,'Action Group A',29856,'2020-03-06 16:00:00'),(156,'Action Group A',29857,'2020-03-06 16:00:00'),(156,'Action Group A',30013,'2020-03-06 16:00:00'),(156,'Action Group A',30731,'2020-03-06 16:00:00'),(156,'Action Group A',31412,'2020-03-06 16:00:00'),(156,'Action Group A',31601,'2020-03-06 16:00:00'),(156,'Action Group A',31717,'2020-03-06 16:00:00'),(156,'Action Group A',31935,'2020-03-06 16:00:00'),(156,'Action Group A',32933,'2020-03-06 16:00:00'),(156,'Action Group A',33748,'2020-03-06 16:00:00'),(156,'Action Group A',34353,'2020-03-06 16:00:00'),(156,'Action Group A',35732,'2020-03-06 16:00:00'),(156,'Action Group A',35904,'2020-03-06 16:00:00'),(156,'Action Group A',36165,'2020-03-06 16:00:00'),(156,'Action Group A',36528,'2020-03-06 16:00:00'),(156,'Action Group A',37253,'2020-03-06 16:00:00'),(156,'Action Group A',37278,'2020-03-06 16:00:00'),(156,'Action Group A',37365,'2020-03-06 16:00:00'),(156,'Action Group A',37755,'2020-03-06 16:00:00'),(156,'Action Group A',39146,'2020-03-06 16:00:00'),(156,'Action Group A',39229,'2020-03-06 16:00:00'),(156,'Action Group A',39277,'2020-03-06 16:00:00'),(156,'Action Group A',39288,'2020-03-06 16:00:00'),(156,'Action Group A',39763,'2020-03-06 16:00:00'),(156,'Action Group A',39814,'2020-03-06 16:00:00'),(156,'Action Group A',40836,'2020-03-06 16:00:00'),(156,'Action Group A',41434,'2020-03-06 16:00:00'),(156,'Action Group A',41852,'2020-03-06 16:00:00'),(156,'Action Group A',42733,'2020-03-06 16:00:00'),(156,'Action Group A',43238,'2020-03-06 16:00:00'),(156,'Action Group A',44160,'2020-03-06 16:00:00'),(156,'Action Group A',44230,'2020-03-06 16:00:00'),(156,'Action Group A',44592,'2020-03-06 16:00:00'),(156,'Action Group A',44870,'2020-03-06 16:00:00'),(156,'Action Group A',45432,'2020-03-06 16:00:00'),(156,'Action Group A',45859,'2020-03-06 16:00:00'),(156,'Action Group A',47256,'2020-03-06 16:00:00'),(156,'Action Group A',47808,'2020-03-06 16:00:00'),(156,'Action Group A',48138,'2020-03-06 16:00:00'),(156,'Action Group A',48564,'2020-03-06 16:00:00'),(156,'Action Group A',49622,'2020-03-06 16:00:00'),(156,'Action Group A',49925,'2020-03-06 16:00:00'),(156,'Action Group A',51052,'2020-03-06 16:00:00'),(156,'Action Group A',51091,'2020-03-06 16:00:00'),(156,'Action Group A',51507,'2020-03-06 16:00:00'),(156,'Action Group A',53508,'2020-03-06 16:00:00'),(156,'Action Group A',54157,'2020-03-06 16:00:00'),(156,'Action Group A',58187,'2020-03-06 16:00:00'),(156,'Action Group A',59139,'2020-03-06 16:00:00'),(156,'Action Group A',59487,'2020-03-06 16:00:00'),(156,'Action Group A',60135,'2020-03-06 16:00:00'),(156,'Action Group A',61343,'2020-03-06 16:00:00'),(156,'Action Group A',61437,'2020-03-06 16:00:00'),(156,'Action Group A',62454,'2020-03-06 16:00:00'),(156,'Action Group A',63188,'2020-03-06 16:00:00'),(156,'Action Group A',63390,'2020-03-06 16:00:00'),(156,'Action Group A',63853,'2020-03-06 16:00:00'),(156,'Action Group A',64225,'2020-03-06 16:00:00'),(156,'Action Group A',64476,'2020-03-06 16:00:00'),(156,'Action Group A',64572,'2020-03-06 16:00:00'),(156,'Action Group A',64948,'2020-03-06 16:00:00'),(156,'Action Group A',65049,'2020-03-06 16:00:00'),(156,'Action Group A',66068,'2020-03-06 16:00:00'),(156,'Action Group A',66073,'2020-03-06 16:00:00'),(156,'Action Group A',66410,'2020-03-06 16:00:00'),(156,'Action Group A',69217,'2020-03-06 16:00:00'),(156,'Action Group A',69542,'2020-03-06 16:00:00'),(156,'Action Group A',69580,'2020-03-06 16:00:00'),(156,'Action Group A',69847,'2020-03-06 16:00:00'),(156,'Action Group A',70647,'2020-03-06 16:00:00'),(156,'Action Group A',71018,'2020-03-06 16:00:00'),(156,'Action Group A',71316,'2020-03-06 16:00:00'),(156,'Action Group A',72509,'2020-03-06 16:00:00'),(156,'Action Group A',74145,'2020-03-06 16:00:00'),(156,'Action Group A',74397,'2020-03-06 16:00:00'),(156,'Action Group A',74781,'2020-03-06 16:00:00'),(156,'Action Group A',75050,'2020-03-06 16:00:00'),(156,'Action Group A',75343,'2020-03-06 16:00:00'),(156,'Action Group A',76001,'2020-03-06 16:00:00'),(156,'Action Group A',76100,'2020-03-06 16:00:00'),(156,'Action Group A',76211,'2020-03-06 16:00:00'),(156,'Action Group A',77983,'2020-03-06 16:00:00'),(156,'Action Group A',78042,'2020-03-06 16:00:00'),(156,'Action Group A',80087,'2020-03-06 16:00:00'),(156,'Action Group A',80285,'2020-03-06 16:00:00'),(156,'Action Group A',81677,'2020-03-06 16:00:00'),(156,'Action Group A',81678,'2020-03-06 16:00:00'),(156,'Action Group A',82126,'2020-03-06 16:00:00'),(156,'Action Group A',82221,'2020-03-06 16:00:00'),(156,'Action Group A',83478,'2020-03-06 16:00:00'),(156,'Action Group A',83723,'2020-03-06 16:00:00'),(156,'Action Group A',85217,'2020-03-06 16:00:00'),(156,'Action Group A',86426,'2020-03-06 16:00:00'),(156,'Action Group A',86547,'2020-03-06 16:00:00'),(156,'Action Group A',88052,'2020-03-06 16:00:00'),(156,'Action Group A',89821,'2020-03-06 16:00:00'),(156,'Action Group A',90154,'2020-03-06 16:00:00'),(156,'Action Group A',91315,'2020-03-06 16:00:00'),(156,'Action Group A',92319,'2020-03-06 16:00:00'),(156,'Action Group A',92555,'2020-03-06 16:00:00'),(156,'Action Group A',92740,'2020-03-06 16:00:00'),(156,'Action Group A',92850,'2020-03-06 16:00:00'),(156,'Action Group A',93766,'2020-03-06 16:00:00'),(156,'Action Group A',95718,'2020-03-06 16:00:00'),(156,'Action Group A',98443,'2020-03-06 16:00:00'),(156,'Action Group A',98514,'2020-03-06 16:00:00'),(156,'Action Group A',98618,'2020-03-06 16:00:00'),(156,'Action Group A',98897,'2020-03-06 16:00:00'),(156,'Action Group A',99338,'2020-03-06 16:00:00'),(156,'Action Group A',99366,'2020-03-06 16:00:00'),(156,'Action Group A',99613,'2020-03-06 16:00:00'),(156,'Action Group B',243,'2020-03-06 16:00:00'),(156,'Action Group B',523,'2020-03-06 16:00:00'),(156,'Action Group B',1294,'2020-03-06 16:00:00'),(156,'Action Group B',1603,'2020-03-06 16:00:00'),(156,'Action Group B',1646,'2020-03-06 16:00:00'),(156,'Action Group B',2668,'2020-03-06 16:00:00'),(156,'Action Group B',3037,'2020-03-06 16:00:00'),(156,'Action Group B',3497,'2020-03-06 16:00:00'),(156,'Action Group B',3727,'2020-03-06 16:00:00'),(156,'Action Group B',5106,'2020-03-06 16:00:00'),(156,'Action Group B',5207,'2020-03-06 16:00:00'),(156,'Action Group B',5364,'2020-03-06 16:00:00'),(156,'Action Group B',6413,'2020-03-06 16:00:00'),(156,'Action Group B',9223,'2020-03-06 16:00:00'),(156,'Action Group B',9713,'2020-03-06 16:00:00'),(156,'Action Group B',11507,'2020-03-06 16:00:00'),(156,'Action Group B',11892,'2020-03-06 16:00:00'),(156,'Action Group B',12771,'2020-03-06 16:00:00'),(156,'Action Group B',12931,'2020-03-06 16:00:00'),(156,'Action Group B',13032,'2020-03-06 16:00:00'),(156,'Action Group B',13340,'2020-03-06 16:00:00'),(156,'Action Group B',14646,'2020-03-06 16:00:00'),(156,'Action Group B',15363,'2020-03-06 16:00:00'),(156,'Action Group B',15464,'2020-03-06 16:00:00'),(156,'Action Group B',15641,'2020-03-06 16:00:00'),(156,'Action Group B',16171,'2020-03-06 16:00:00'),(156,'Action Group B',17400,'2020-03-06 16:00:00'),(156,'Action Group B',17554,'2020-03-06 16:00:00'),(156,'Action Group B',19066,'2020-03-06 16:00:00'),(156,'Action Group B',19165,'2020-03-06 16:00:00'),(156,'Action Group B',19875,'2020-03-06 16:00:00'),(156,'Action Group B',20620,'2020-03-06 16:00:00'),(156,'Action Group B',21104,'2020-03-06 16:00:00'),(156,'Action Group B',21683,'2020-03-06 16:00:00'),(156,'Action Group B',21996,'2020-03-06 16:00:00'),(156,'Action Group B',24377,'2020-03-06 16:00:00'),(156,'Action Group B',24417,'2020-03-06 16:00:00'),(156,'Action Group B',26025,'2020-03-06 16:00:00'),(156,'Action Group B',27797,'2020-03-06 16:00:00'),(156,'Action Group B',29664,'2020-03-06 16:00:00'),(156,'Action Group B',29803,'2020-03-06 16:00:00'),(156,'Action Group B',30123,'2020-03-06 16:00:00'),(156,'Action Group B',30143,'2020-03-06 16:00:00'),(156,'Action Group B',30420,'2020-03-06 16:00:00'),(156,'Action Group B',30593,'2020-03-06 16:00:00'),(156,'Action Group B',30740,'2020-03-06 16:00:00'),(156,'Action Group B',31151,'2020-03-06 16:00:00'),(156,'Action Group B',31521,'2020-03-06 16:00:00'),(156,'Action Group B',32184,'2020-03-06 16:00:00'),(156,'Action Group B',32189,'2020-03-06 16:00:00'),(156,'Action Group B',32331,'2020-03-06 16:00:00'),(156,'Action Group B',32458,'2020-03-06 16:00:00'),(156,'Action Group B',33224,'2020-03-06 16:00:00'),(156,'Action Group B',33608,'2020-03-06 16:00:00'),(156,'Action Group B',34092,'2020-03-06 16:00:00'),(156,'Action Group B',34325,'2020-03-06 16:00:00'),(156,'Action Group B',35269,'2020-03-06 16:00:00'),(156,'Action Group B',38591,'2020-03-06 16:00:00'),(156,'Action Group B',40005,'2020-03-06 16:00:00'),(156,'Action Group B',40160,'2020-03-06 16:00:00'),(156,'Action Group B',40690,'2020-03-06 16:00:00'),(156,'Action Group B',40712,'2020-03-06 16:00:00'),(156,'Action Group B',41144,'2020-03-06 16:00:00'),(156,'Action Group B',42511,'2020-03-06 16:00:00'),(156,'Action Group B',43013,'2020-03-06 16:00:00'),(156,'Action Group B',43687,'2020-03-06 16:00:00'),(156,'Action Group B',44194,'2020-03-06 16:00:00'),(156,'Action Group B',44287,'2020-03-06 16:00:00'),(156,'Action Group B',44968,'2020-03-06 16:00:00'),(156,'Action Group B',45451,'2020-03-06 16:00:00'),(156,'Action Group B',45955,'2020-03-06 16:00:00'),(156,'Action Group B',46370,'2020-03-06 16:00:00'),(156,'Action Group B',46598,'2020-03-06 16:00:00'),(156,'Action Group B',46616,'2020-03-06 16:00:00'),(156,'Action Group B',47473,'2020-03-06 16:00:00'),(156,'Action Group B',47566,'2020-03-06 16:00:00'),(156,'Action Group B',48307,'2020-03-06 16:00:00'),(156,'Action Group B',49226,'2020-03-06 16:00:00'),(156,'Action Group B',50084,'2020-03-06 16:00:00'),(156,'Action Group B',50862,'2020-03-06 16:00:00'),(156,'Action Group B',51716,'2020-03-06 16:00:00'),(156,'Action Group B',51724,'2020-03-06 16:00:00'),(156,'Action Group B',52108,'2020-03-06 16:00:00'),(156,'Action Group B',52532,'2020-03-06 16:00:00'),(156,'Action Group B',52637,'2020-03-06 16:00:00'),(156,'Action Group B',53178,'2020-03-06 16:00:00'),(156,'Action Group B',53281,'2020-03-06 16:00:00'),(156,'Action Group B',53363,'2020-03-06 16:00:00'),(156,'Action Group B',57081,'2020-03-06 16:00:00'),(156,'Action Group B',57919,'2020-03-06 16:00:00'),(156,'Action Group B',58279,'2020-03-06 16:00:00'),(156,'Action Group B',58306,'2020-03-06 16:00:00'),(156,'Action Group B',58596,'2020-03-06 16:00:00'),(156,'Action Group B',58604,'2020-03-06 16:00:00'),(156,'Action Group B',59209,'2020-03-06 16:00:00'),(156,'Action Group B',59242,'2020-03-06 16:00:00'),(156,'Action Group B',59448,'2020-03-06 16:00:00'),(156,'Action Group B',59985,'2020-03-06 16:00:00'),(156,'Action Group B',60026,'2020-03-06 16:00:00'),(156,'Action Group B',60049,'2020-03-06 16:00:00'),(156,'Action Group B',60158,'2020-03-06 16:00:00'),(156,'Action Group B',60252,'2020-03-06 16:00:00'),(156,'Action Group B',60618,'2020-03-06 16:00:00'),(156,'Action Group B',60694,'2020-03-06 16:00:00'),(156,'Action Group B',61651,'2020-03-06 16:00:00'),(156,'Action Group B',62071,'2020-03-06 16:00:00'),(156,'Action Group B',62133,'2020-03-06 16:00:00'),(156,'Action Group B',62660,'2020-03-06 16:00:00'),(156,'Action Group B',64458,'2020-03-06 16:00:00'),(156,'Action Group B',65166,'2020-03-06 16:00:00'),(156,'Action Group B',65182,'2020-03-06 16:00:00'),(156,'Action Group B',65779,'2020-03-06 16:00:00'),(156,'Action Group B',65891,'2020-03-06 16:00:00'),(156,'Action Group B',67410,'2020-03-06 16:00:00'),(156,'Action Group B',67519,'2020-03-06 16:00:00'),(156,'Action Group B',67811,'2020-03-06 16:00:00'),(156,'Action Group B',69253,'2020-03-06 16:00:00'),(156,'Action Group B',70718,'2020-03-06 16:00:00'),(156,'Action Group B',70978,'2020-03-06 16:00:00'),(156,'Action Group B',72167,'2020-03-06 16:00:00'),(156,'Action Group B',72376,'2020-03-06 16:00:00'),(156,'Action Group B',72703,'2020-03-06 16:00:00'),(156,'Action Group B',72819,'2020-03-06 16:00:00'),(156,'Action Group B',73496,'2020-03-06 16:00:00'),(156,'Action Group B',73786,'2020-03-06 16:00:00'),(156,'Action Group B',73988,'2020-03-06 16:00:00'),(156,'Action Group B',74194,'2020-03-06 16:00:00'),(156,'Action Group B',74206,'2020-03-06 16:00:00'),(156,'Action Group B',74569,'2020-03-06 16:00:00'),(156,'Action Group B',74819,'2020-03-06 16:00:00'),(156,'Action Group B',74857,'2020-03-06 16:00:00'),(156,'Action Group B',76145,'2020-03-06 16:00:00'),(156,'Action Group B',76334,'2020-03-06 16:00:00'),(156,'Action Group B',76771,'2020-03-06 16:00:00'),(156,'Action Group B',76831,'2020-03-06 16:00:00'),(156,'Action Group B',77379,'2020-03-06 16:00:00'),(156,'Action Group B',77410,'2020-03-06 16:00:00'),(156,'Action Group B',77803,'2020-03-06 16:00:00'),(156,'Action Group B',78263,'2020-03-06 16:00:00'),(156,'Action Group B',80349,'2020-03-06 16:00:00'),(156,'Action Group B',80843,'2020-03-06 16:00:00'),(156,'Action Group B',81995,'2020-03-06 16:00:00'),(156,'Action Group B',83733,'2020-03-06 16:00:00'),(156,'Action Group B',83758,'2020-03-06 16:00:00'),(156,'Action Group B',85699,'2020-03-06 16:00:00'),(156,'Action Group B',85718,'2020-03-06 16:00:00'),(156,'Action Group B',85964,'2020-03-06 16:00:00'),(156,'Action Group B',86738,'2020-03-06 16:00:00'),(156,'Action Group B',87406,'2020-03-06 16:00:00'),(156,'Action Group B',88851,'2020-03-06 16:00:00'),(156,'Action Group B',89483,'2020-03-06 16:00:00'),(156,'Action Group B',89562,'2020-03-06 16:00:00'),(156,'Action Group B',90082,'2020-03-06 16:00:00'),(156,'Action Group B',90115,'2020-03-06 16:00:00'),(156,'Action Group B',91210,'2020-03-06 16:00:00'),(156,'Action Group B',91792,'2020-03-06 16:00:00'),(156,'Action Group B',92754,'2020-03-06 16:00:00'),(156,'Action Group B',93432,'2020-03-06 16:00:00'),(156,'Action Group B',93620,'2020-03-06 16:00:00'),(156,'Action Group B',94352,'2020-03-06 16:00:00'),(156,'Action Group B',94986,'2020-03-06 16:00:00'),(156,'Action Group B',97894,'2020-03-06 16:00:00'),(156,'Action Group B',97957,'2020-03-06 16:00:00'),(156,'Action Group B',99226,'2020-03-06 16:00:00'),(156,'Action Group B',99452,'2020-03-06 16:00:00'),(156,'Action Group B',99981,'2020-03-06 16:00:00'),(156,'Control Group',890,'2020-03-06 16:00:00'),(156,'Control Group',9312,'2020-03-06 16:00:00'),(156,'Control Group',10325,'2020-03-06 16:00:00'),(156,'Control Group',12262,'2020-03-06 16:00:00'),(156,'Control Group',16392,'2020-03-06 16:00:00'),(156,'Control Group',24074,'2020-03-06 16:00:00'),(156,'Control Group',27275,'2020-03-06 16:00:00'),(156,'Control Group',30232,'2020-03-06 16:00:00'),(156,'Control Group',41849,'2020-03-06 16:00:00'),(156,'Control Group',46685,'2020-03-06 16:00:00'),(156,'Control Group',46820,'2020-03-06 16:00:00'),(156,'Control Group',47589,'2020-03-06 16:00:00'),(156,'Control Group',48185,'2020-03-06 16:00:00'),(156,'Control Group',51771,'2020-03-06 16:00:00'),(156,'Control Group',52403,'2020-03-06 16:00:00'),(156,'Control Group',57888,'2020-03-06 16:00:00'),(156,'Control Group',60179,'2020-03-06 16:00:00'),(156,'Control Group',61910,'2020-03-06 16:00:00'),(156,'Control Group',63865,'2020-03-06 16:00:00'),(156,'Control Group',73254,'2020-03-06 16:00:00'),(156,'Control Group',73362,'2020-03-06 16:00:00'),(156,'Control Group',73650,'2020-03-06 16:00:00'),(156,'Control Group',75781,'2020-03-06 16:00:00'),(156,'Control Group',77786,'2020-03-06 16:00:00'),(156,'Control Group',81158,'2020-03-06 16:00:00'),(156,'Control Group',81621,'2020-03-06 16:00:00'),(156,'Control Group',82771,'2020-03-06 16:00:00'),(156,'Control Group',84199,'2020-03-06 16:00:00'),(156,'Control Group',86484,'2020-03-06 16:00:00'),(156,'Control Group',87135,'2020-03-06 16:00:00'),(156,'Control Group',88974,'2020-03-06 16:00:00'),(156,'Control Group',91103,'2020-03-06 16:00:00'),(156,'Control Group',91996,'2020-03-06 16:00:00'),(156,'Control Group',93874,'2020-03-06 16:00:00'),(156,'Control Group',96038,'2020-03-06 16:00:00'),(156,'Control Group',97139,'2020-03-06 16:00:00'),(156,'Control Group',97309,'2020-03-06 16:00:00'),(156,'Control Group',99211,'2020-03-06 16:00:00');
/*!40000 ALTER TABLE `activities_sent` ENABLE KEYS */;
UNLOCK TABLES;

--
-- Table structure for table `deposits`
--

DROP TABLE IF EXISTS `deposits`;
/*!40101 SET @saved_cs_client     = @@character_set_client */;
/*!40101 SET character_set_client = utf8 */;
CREATE TABLE `deposits` (
  `user_id` int(11) DEFAULT NULL,
  `timestamp` datetime DEFAULT NULL,
  `amount` decimal(12,2) DEFAULT NULL
) ENGINE=InnoDB DEFAULT CHARSET=utf8;
/*!40101 SET character_set_client = @saved_cs_client */;

--
-- Dumping data for table `deposits`
--

LOCK TABLES `deposits` WRITE;
/*!40000 ALTER TABLE `deposits` DISABLE KEYS */;
INSERT INTO `deposits` VALUES (9223,'2020-03-07 04:21:00',50.00),(9223,'2020-03-07 03:55:00',50.00),(58604,'2020-03-06 23:29:00',20.00),(58604,'2020-03-06 17:43:00',20.00),(63853,'2020-03-06 19:27:00',114.95),(63853,'2020-03-07 00:51:00',114.95),(89562,'2020-03-06 17:58:00',150.50),(89562,'2020-03-07 08:18:00',150.50),(46685,'2020-03-07 13:32:00',50.00),(46685,'2020-03-06 20:09:00',50.00),(51724,'2020-03-06 16:46:00',20.00),(51724,'2020-03-06 19:29:00',20.00),(59209,'2020-03-06 19:40:00',20.00),(59209,'2020-03-07 08:17:00',20.00),(72509,'2020-03-07 03:00:00',20.00),(72509,'2020-03-07 14:52:00',20.00),(43013,'2020-03-06 19:16:00',20.00),(43013,'2020-03-06 17:41:00',20.00),(12931,'2020-03-07 09:31:00',20.00),(12931,'2020-03-06 22:52:00',20.00),(72376,'2020-03-07 02:09:00',107.87),(72376,'2020-03-06 20:23:00',107.87),(96038,'2020-03-07 13:40:00',63.77),(96038,'2020-03-07 01:41:00',63.77),(99338,'2020-03-06 22:26:00',20.00),(99338,'2020-03-06 21:14:00',20.00),(80087,'2020-03-06 18:40:00',20.00),(80087,'2020-03-07 06:43:00',20.00),(90082,'2020-03-07 14:33:00',168.23),(90082,'2020-03-06 22:30:00',168.23),(57081,'2020-03-07 00:32:00',20.00),(57081,'2020-03-07 01:54:00',20.00),(35904,'2020-03-07 05:09:00',20.00),(35904,'2020-03-07 08:10:00',20.00),(32184,'2020-03-07 12:32:00',50.00),(32184,'2020-03-07 07:45:00',50.00),(15641,'2020-03-07 15:01:00',20.00),(15641,'2020-03-07 10:22:00',20.00),(63188,'2020-03-07 04:11:00',20.00),(63188,'2020-03-07 10:28:00',20.00),(77803,'2020-03-07 11:34:00',20.00),(77803,'2020-03-07 03:46:00',20.00),(51091,'2020-03-07 04:25:00',20.00),(51091,'2020-03-06 21:37:00',20.00),(80349,'2020-03-07 02:21:00',20.00),(80349,'2020-03-07 05:47:00',20.00),(93620,'2020-03-07 10:57:00',148.65),(93620,'2020-03-07 00:36:00',148.65),(50862,'2020-03-07 14:20:00',20.00),(50862,'2020-03-06 20:39:00',20.00),(88052,'2020-03-07 01:18:00',20.00),(88052,'2020-03-06 23:08:00',20.00),(31601,'2020-03-07 06:37:00',50.00),(31601,'2020-03-07 10:34:00',50.00),(37253,'2020-03-07 13:31:00',139.77),(37253,'2020-03-06 18:35:00',139.77),(27797,'2020-03-07 15:12:00',50.00),(27797,'2020-03-07 11:49:00',50.00),(65891,'2020-03-06 19:15:00',20.00),(65891,'2020-03-07 04:57:00',20.00),(59985,'2020-03-07 13:17:00',20.00),(59985,'2020-03-07 04:52:00',20.00),(34092,'2020-03-07 07:23:00',105.08),(34092,'2020-03-07 02:23:00',105.08),(6650,'2020-03-07 10:30:00',20.00),(6650,'2020-03-07 14:57:00',20.00),(92740,'2020-03-07 11:25:00',20.00),(92740,'2020-03-07 00:15:00',20.00),(31521,'2020-03-07 10:42:00',129.89),(31521,'2020-03-07 13:57:00',129.89),(98618,'2020-03-07 14:21:00',20.00),(98618,'2020-03-07 12:03:00',20.00),(3037,'2020-03-07 10:10:00',20.00),(3037,'2020-03-07 01:21:00',20.00),(69217,'2020-03-07 11:55:00',20.00),(69217,'2020-03-07 04:03:00',20.00),(74819,'2020-03-07 10:32:00',141.55),(74819,'2020-03-07 14:07:00',141.55),(45432,'2020-03-06 21:10:00',20.00),(45432,'2020-03-07 01:24:00',20.00),(19165,'2020-03-07 01:16:00',20.00),(19165,'2020-03-07 12:52:00',20.00),(73988,'2020-03-06 16:09:00',50.00),(73988,'2020-03-07 10:26:00',50.00),(78263,'2020-03-07 14:05:00',178.54),(78263,'2020-03-06 22:39:00',178.54),(34325,'2020-03-07 13:33:00',20.00),(34325,'2020-03-07 09:26:00',20.00),(98514,'2020-03-07 06:23:00',172.13),(98514,'2020-03-06 18:59:00',172.13),(76771,'2020-03-07 06:48:00',60.40),(76771,'2020-03-07 02:15:00',60.40),(83733,'2020-03-06 16:41:00',62.72),(83733,'2020-03-07 11:15:00',62.72),(63390,'2020-03-07 09:52:00',20.00),(63390,'2020-03-07 04:13:00',20.00),(44968,'2020-03-06 20:59:00',20.00),(44968,'2020-03-06 23:00:00',20.00),(41434,'2020-03-06 19:37:00',20.00),(41434,'2020-03-06 21:01:00',20.00),(49622,'2020-03-06 22:54:00',58.28),(49622,'2020-03-06 23:56:00',58.28),(30123,'2020-03-07 10:07:00',52.40),(30123,'2020-03-06 19:34:00',52.40),(46598,'2020-03-07 10:34:00',20.00),(46598,'2020-03-07 04:34:00',20.00),(65166,'2020-03-07 13:22:00',50.00),(65166,'2020-03-06 21:31:00',50.00),(58306,'2020-03-07 03:35:00',100.00),(58306,'2020-03-07 12:34:00',100.00),(92555,'2020-03-07 14:34:00',20.00),(92555,'2020-03-07 15:02:00',20.00),(97894,'2020-03-06 21:05:00',20.00),(97894,'2020-03-06 21:50:00',20.00),(76100,'2020-03-06 17:59:00',20.00),(76100,'2020-03-06 18:05:00',20.00),(99981,'2020-03-06 22:17:00',50.00),(99981,'2020-03-07 03:12:00',50.00),(83758,'2020-03-07 06:15:00',50.00),(83758,'2020-03-06 21:04:00',50.00),(93766,'2020-03-07 11:37:00',20.00),(93766,'2020-03-06 20:35:00',20.00),(2668,'2020-03-07 09:44:00',56.72),(2668,'2020-03-07 02:30:00',56.72),(15363,'2020-03-07 01:11:00',20.00),(15363,'2020-03-07 05:29:00',20.00),(62133,'2020-03-07 14:00:00',20.00),(62133,'2020-03-07 04:28:00',20.00),(29857,'2020-03-06 22:57:00',20.00),(29857,'2020-03-07 13:06:00',20.00),(523,'2020-03-07 11:12:00',100.00),(523,'2020-03-07 02:38:00',100.00),(64458,'2020-03-07 07:58:00',20.00),(64458,'2020-03-07 08:49:00',20.00),(61651,'2020-03-07 00:38:00',20.00),(61651,'2020-03-07 03:49:00',20.00),(87135,'2020-03-07 06:39:00',20.00),(87135,'2020-03-07 15:00:00',20.00),(30013,'2020-09-01 23:22:17',20.00),(81995,'2020-09-02 17:02:55',51.99),(13340,'2020-09-01 16:47:42',10.00),(93874,'2020-09-01 20:05:47',500.00),(99226,'2020-09-01 14:17:52',50.00),(71316,'2020-09-01 22:43:28',50.00),(74206,'2020-09-02 22:45:38',58.28),(18441,'2020-09-01 20:24:48',119.16),(77410,'2020-09-02 14:15:35',20.00),(12262,'2020-09-01 15:18:34',20.00),(80349,'2020-09-02 22:23:03',100.00),(73650,'2020-09-02 15:30:26',100.00),(59242,'2020-09-01 14:24:00',96.49),(20218,'2020-09-02 14:28:25',133.99),(83758,'2020-09-02 13:33:52',100.00),(89821,'2020-09-02 07:39:09',20.00),(52532,'2020-09-02 09:33:46',51.99),(91315,'2020-09-06 00:42:08',50.00),(70647,'2020-09-06 13:34:40',10.00),(98618,'2020-09-05 18:49:52',172.13),(58306,'2020-09-06 10:04:43',100.00),(58279,'2020-09-06 16:30:43',20.00),(243,'2020-09-06 10:54:29',50.00),(42733,'2020-09-06 07:28:42',20.00),(78263,'2020-09-06 09:08:57',172.13),(51771,'2020-09-05 20:36:24',20.00),(41144,'2020-09-06 09:35:52',56.78),(84199,'2020-09-06 04:02:51',10.00),(72376,'2020-09-05 18:12:01',168.47),(1646,'2020-09-06 11:55:11',10.00),(13095,'2020-09-06 02:10:51',114.95),(63865,'2020-09-05 22:53:17',50.00),(83733,'2020-09-06 02:03:48',10.00),(27394,'2020-09-06 06:54:29',20.00),(7458,'2020-09-06 01:27:42',100.00),(76771,'2021-02-02 20:36:24',85.00),(32458,'2021-02-03 01:27:42',165.00);
/*!40000 ALTER TABLE `deposits` ENABLE KEYS */;
UNLOCK TABLES;

--
-- Table structure for table `user_details`
--

DROP TABLE IF EXISTS `user_details`;
/*!40101 SET @saved_cs_client     = @@character_set_client */;
/*!40101 SET character_set_client = utf8 */;
CREATE TABLE `user_details` (
  `user_id` int(11) DEFAULT NULL,
  `country` varchar(100) DEFAULT NULL
) ENGINE=InnoDB DEFAULT CHARSET=utf8;
/*!40101 SET character_set_client = @saved_cs_client */;

--
-- Dumping data for table `user_details`
--

LOCK TABLES `user_details` WRITE;
/*!40000 ALTER TABLE `user_details` DISABLE KEYS */;
INSERT INTO `user_details` VALUES (7845,'Sweden'),(10325,'Sweden'),(10625,'Finland'),(10807,'Spain'),(10812,'Finland'),(11207,'Sweden'),(11507,'United Kingdom'),(11892,'United Kingdom'),(12048,'Sweden'),(12262,'United Kingdom'),(12771,'Sweden'),(12931,'Spain'),(1294,'United Kingdom'),(13032,'Sweden'),(13095,'Finland'),(13236,'Finland'),(13340,'Finland'),(13460,'Spain'),(14646,'Sweden'),(14999,'Sweden'),(15363,'Spain'),(15464,'United Kingdom'),(1561,'Finland'),(15641,'United Kingdom'),(1603,'Finland'),(16171,'Malta'),(16392,'United Kingdom'),(1646,'Sweden'),(16918,'United Kingdom'),(17103,'United Kingdom'),(17400,'Sweden'),(17554,'United Kingdom'),(1757,'United Kingdom'),(18441,'United Kingdom'),(19066,'United Kingdom'),(19165,'Spain'),(19602,'Sweden'),(19875,'Norway'),(20218,'United Kingdom'),(20579,'Norway'),(20620,'Finland'),(21104,'United Kingdom'),(21333,'United Kingdom'),(21683,'United Kingdom'),(21996,'Finland'),(22426,'Norway'),(22579,'Sweden'),(240,'United Kingdom'),(24074,'Sweden'),(243,'Finland'),(24377,'Sweden'),(24417,'United Kingdom'),(24628,'Sweden'),(24674,'Sweden'),(26025,'Sweden'),(2668,'Finland'),(26871,'Spain'),(27275,'Finland'),(27394,'Norway'),(27797,'Sweden'),(28991,'Spain'),(29185,'Finland'),(29664,'United Kingdom'),(2971,'Canada'),(29803,'United Kingdom'),(29856,'Finland'),(29857,'Canada'),(30013,'Sweden'),(30123,'United Kingdom'),(30143,'Sweden'),(30232,'Sweden'),(3037,'United Kingdom'),(30420,'Finland'),(30593,'Sweden'),(30731,'Sweden'),(30740,'Spain'),(31151,'Sweden'),(31412,'Spain'),(31521,'Finland'),(31601,'Sweden'),(31717,'Sweden'),(31935,'Canada'),(32184,'Sweden'),(32189,'Sweden'),(32331,'Spain'),(32458,'United Kingdom'),(32933,'Sweden'),(33224,'Finland'),(33608,'Finland'),(33748,'Sweden'),(34092,'United Kingdom'),(34325,'India'),(34353,'Sweden'),(3497,'United Kingdom'),(35269,'Norway'),(35732,'Sweden'),(35904,'Sweden'),(36165,'United Kingdom'),(36528,'Spain'),(37253,'Sweden'),(3727,'Sweden'),(37278,'United Kingdom'),(37365,'Canada'),(37755,'Finland'),(38591,'Finland'),(39146,'Sweden'),(39229,'Norway'),(39277,'Sweden'),(39288,'Sweden'),(39763,'Sweden'),(39814,'Spain'),(40005,'United Kingdom'),(40160,'Canada'),(40690,'United Kingdom'),(40712,'Sweden'),(40836,'United Kingdom'),(41144,'United Kingdom'),(41434,'United Kingdom'),(41849,'Sweden'),(41852,'Malta'),(42511,'Finland'),(42733,'Spain'),(43013,'United Kingdom'),(43238,'Norway'),(43687,'Sweden'),(44160,'Finland'),(44194,'India'),(44230,'Canada'),(44287,'Norway'),(44592,'Finland'),(44870,'Canada'),(44968,'United Kingdom'),(45432,'Sweden'),(45451,'United Kingdom'),(45859,'Finland'),(45955,'United Kingdom'),(46370,'United Kingdom'),(46598,'Norway'),(46616,'Sweden'),(46685,'Malta'),(46820,'Sweden'),(47256,'Sweden'),(47473,'Sweden'),(47566,'India'),(47589,'Canada'),(47808,'Sweden'),(48138,'Sweden'),(48185,'Malta'),(48307,'United Kingdom'),(48564,'Japan'),(49226,'United Kingdom'),(49622,'United Kingdom'),(49925,'United Kingdom'),(50084,'Sweden'),(50862,'Sweden'),(51052,'Finland'),(5106,'Finland'),(51091,'Spain'),(51507,'United Kingdom'),(51716,'Spain'),(51724,'Sweden'),(51771,'Sweden'),(5207,'Sweden'),(52108,'Spain'),(523,'Norway'),(52403,'Malta'),(52532,'United Kingdom'),(52637,'Spain'),(53178,'Sweden'),(53281,'Spain'),(53363,'Spain'),(53508,'Sweden'),(5364,'Finland'),(54157,'United Kingdom'),(57081,'Finland'),(57888,'Sweden'),(57919,'Finland'),(58187,'Norway'),(58279,'Sweden'),(58306,'United Kingdom'),(58596,'United Kingdom'),(58604,'Sweden'),(59139,'Sweden'),(59209,'Sweden'),(59242,'Sweden'),(59448,'Sweden'),(59487,'Malta'),(59985,'United Kingdom'),(60026,'Spain'),(60049,'Sweden'),(60135,'Finland'),(60158,'Sweden'),(60179,'United Kingdom'),(60252,'United Kingdom'),(60618,'United Kingdom'),(60694,'United Kingdom'),(61343,'Sweden'),(61437,'Norway'),(61651,'Canada'),(61910,'Finland'),(62071,'United Kingdom'),(62133,'Sweden'),(62454,'Finland'),(62660,'United Kingdom'),(63188,'United Kingdom'),(63390,'Sweden'),(6374,'Finland'),(63853,'Malta'),(63865,'Canada'),(6413,'Sweden'),(64225,'United Kingdom'),(64458,'Germany'),(64476,'United Kingdom'),(64572,'Spain'),(64948,'Sweden'),(65049,'United Kingdom'),(65166,'Finland'),(65182,'Norway'),(65779,'United Kingdom'),(65891,'India'),(66068,'United Kingdom'),(66073,'Finland'),(66410,'Sweden'),(6650,'Sweden'),(67410,'Malta'),(67519,'United Kingdom'),(67811,'United Kingdom'),(6868,'Sweden'),(69217,'Japan'),(69253,'Finland'),(69542,'Finland'),(69580,'United Kingdom'),(69847,'Sweden'),(70647,'Sweden'),(70718,'United Kingdom'),(70978,'United Kingdom'),(71018,'Finland'),(71316,'Finland'),(72167,'Finland'),(72376,'United Kingdom'),(72509,'Spain'),(72703,'Finland'),(72819,'Sweden'),(73254,'United Kingdom'),(73362,'Canada'),(73496,'United Kingdom'),(73650,'United Kingdom'),(73786,'Finland'),(73988,'Malta'),(74145,'Sweden'),(74194,'United Kingdom'),(74206,'United Kingdom'),(74397,'Finland'),(74569,'Spain'),(7458,'Japan'),(74781,'United Kingdom'),(74819,'Finland'),(74857,'Finland'),(75050,'Sweden'),(75343,'Sweden'),(75781,'Sweden'),(76001,'Norway'),(76100,'Finland'),(76145,'Spain'),(76211,'Finland'),(76334,'Malta'),(76771,'Spain'),(76831,'Sweden'),(77379,'Sweden'),(77410,'Sweden'),(77786,'United Kingdom'),(77803,'Norway'),(77983,'Finland'),(78042,'India'),(78263,'United Kingdom'),(797,'United Kingdom'),(80087,'Spain'),(80285,'Sweden'),(80349,'Finland'),(80843,'United Kingdom'),(81158,'Finland'),(81621,'Finland'),(81677,'Sweden'),(81678,'Finland'),(81995,'Canada'),(82126,'Malta'),(82221,'Malta'),(82771,'United Kingdom'),(83478,'Finland'),(83723,'Malta'),(83733,'Finland'),(83758,'Sweden'),(84199,'Sweden'),(85217,'India'),(85699,'Spain'),(85718,'Sweden'),(85964,'Spain'),(86426,'Sweden'),(86484,'Sweden'),(86547,'Norway'),(86738,'Sweden'),(87135,'Spain'),(87406,'Finland'),(88052,'Finland'),(88851,'Malta'),(88974,'United Kingdom'),(890,'Finland'),(89483,'Sweden'),(89562,'Finland'),(89821,'United Kingdom'),(90082,'Finland'),(90115,'Malta'),(90154,'Finland'),(91103,'Sweden'),(91210,'United Kingdom'),(91315,'Sweden'),(91792,'Sweden'),(91996,'Spain'),(9223,'Sweden'),(92319,'Finland'),(92555,'Malta'),(92740,'Sweden'),(92754,'Sweden'),(92850,'United Kingdom'),(9312,'United Kingdom'),(9326,'United Kingdom'),(93432,'Finland'),(93620,'Sweden'),(93766,'Sweden'),(93874,'Finland'),(94352,'United Kingdom'),(94986,'Spain'),(95718,'Sweden'),(96038,'United Kingdom'),(9713,'Finland'),(97139,'Finland'),(97309,'Finland'),(97894,'Spain'),(97957,'Sweden'),(98443,'United Kingdom'),(98514,'Malta'),(98618,'United Kingdom'),(98897,'Sweden'),(99211,'Spain'),(99226,'Sweden'),(99338,'United Kingdom'),(99366,'Norway'),(99452,'Norway'),(99613,'United Kingdom'),(99981,'Norway');
/*!40000 ALTER TABLE `user_details` ENABLE KEYS */;
UNLOCK TABLES;
/*!40103 SET TIME_ZONE=@OLD_TIME_ZONE */;

/*!40101 SET SQL_MODE=@OLD_SQL_MODE */;
/*!40014 SET FOREIGN_KEY_CHECKS=@OLD_FOREIGN_KEY_CHECKS */;
/*!40014 SET UNIQUE_CHECKS=@OLD_UNIQUE_CHECKS */;
/*!40101 SET CHARACTER_SET_CLIENT=@OLD_CHARACTER_SET_CLIENT */;
/*!40101 SET CHARACTER_SET_RESULTS=@OLD_CHARACTER_SET_RESULTS */;
/*!40101 SET COLLATION_CONNECTION=@OLD_COLLATION_CONNECTION */;
/*!40111 SET SQL_NOTES=@OLD_SQL_NOTES */;

-- Dump completed on 2020-11-03 12:16:27
